"ActivityType","Username","RepositoryID","RepositoryName","RepositoryURL","Timestamp"
"PushEvent","rithikjain",411612373,"rithikjain/datasets","https://api.github.com/repos/rithikjain/datasets","2021-10-06T09:04:30Z"
"CreateEvent","rithikjain",411612373,"rithikjain/datasets","https://api.github.com/repos/rithikjain/datasets","2021-09-29T09:35:43Z"
"CreateEvent","rithikjain",411612373,"rithikjain/datasets","https://api.github.com/repos/rithikjain/datasets","2021-09-29T09:35:18Z"
"WatchEvent","rithikjain",12080551,"tsenart/vegeta","https://api.github.com/repos/tsenart/vegeta","2021-09-27T08:26:39Z"
"WatchEvent","rithikjain",312205870,"ImnIrdst/iiCnma","https://api.github.com/repos/ImnIrdst/iiCnma","2021-09-09T04:34:01Z"
"WatchEvent","rithikjain",277004513,"gastsail/CocktailApp","https://api.github.com/repos/gastsail/CocktailApp","2021-09-06T10:05:08Z"
"PublicEvent","rithikjain",400728824,"rithikjain/motorq-task-backend","https://api.github.com/repos/rithikjain/motorq-task-backend","2021-08-29T09:51:41Z"
"PublicEvent","rithikjain",400874497,"rithikjain/motorq-task-app","https://api.github.com/repos/rithikjain/motorq-task-app","2021-08-29T09:50:29Z"
"PublicEvent","rithikjain",372962087,"rithikjain/structo","https://api.github.com/repos/rithikjain/structo","2021-08-27T20:04:40Z"
"WatchEvent","rithikjain",322992343,"seel-channel/video_editor","https://api.github.com/repos/seel-channel/video_editor","2021-08-20T19:56:55Z"
"WatchEvent","rithikjain",390471457,"mocklets/pluto","https://api.github.com/repos/mocklets/pluto","2021-08-20T19:55:38Z"
"PullRequestEvent","rithikjain",341073242,"GDGVIT/werk-app","https://api.github.com/repos/GDGVIT/werk-app","2021-08-20T08:47:24Z"
"WatchEvent","rithikjain",336366629,"GDGVIT/gidget","https://api.github.com/repos/GDGVIT/gidget","2021-08-17T18:19:38Z"
"PushEvent","rithikjain",356494536,"rithikjain/werk-app","https://api.github.com/repos/rithikjain/werk-app","2021-08-15T19:34:57Z"
"ForkEvent","rithikjain",360869858,"philipplackner/JetpackComposePokedex","https://api.github.com/repos/philipplackner/JetpackComposePokedex","2021-08-10T12:24:05Z"
"PushEvent","rithikjain",356494536,"rithikjain/werk-app","https://api.github.com/repos/rithikjain/werk-app","2021-08-06T13:24:19Z"
"PushEvent","rithikjain",356494536,"rithikjain/werk-app","https://api.github.com/repos/rithikjain/werk-app","2021-08-06T10:56:25Z"
"PushEvent","rithikjain",356494536,"rithikjain/werk-app","https://api.github.com/repos/rithikjain/werk-app","2021-08-06T10:48:42Z"
"PushEvent","rithikjain",356494536,"rithikjain/werk-app","https://api.github.com/repos/rithikjain/werk-app","2021-08-05T12:36:28Z"
"PushEvent","rithikjain",356494536,"rithikjain/werk-app","https://api.github.com/repos/rithikjain/werk-app","2021-08-05T12:23:25Z"
"PushEvent","rithikjain",356494536,"rithikjain/werk-app","https://api.github.com/repos/rithikjain/werk-app","2021-08-05T11:22:00Z"
"PushEvent","rithikjain",356494536,"rithikjain/werk-app","https://api.github.com/repos/rithikjain/werk-app","2021-08-05T11:06:14Z"
"PushEvent","rithikjain",356494536,"rithikjain/werk-app","https://api.github.com/repos/rithikjain/werk-app","2021-08-05T10:57:39Z"
"PushEvent","rithikjain",356494536,"rithikjain/werk-app","https://api.github.com/repos/rithikjain/werk-app","2021-08-05T08:49:54Z"
"PushEvent","rithikjain",356494536,"rithikjain/werk-app","https://api.github.com/repos/rithikjain/werk-app","2021-08-04T07:25:08Z"
"PushEvent","rithikjain",356494536,"rithikjain/werk-app","https://api.github.com/repos/rithikjain/werk-app","2021-08-04T07:05:30Z"
"PushEvent","rithikjain",356494536,"rithikjain/werk-app","https://api.github.com/repos/rithikjain/werk-app","2021-08-04T06:39:06Z"
"PushEvent","rithikjain",356494536,"rithikjain/werk-app","https://api.github.com/repos/rithikjain/werk-app","2021-08-04T06:34:41Z"
"PushEvent","rithikjain",356494536,"rithikjain/werk-app","https://api.github.com/repos/rithikjain/werk-app","2021-08-04T05:37:12Z"
"PushEvent","rithikjain",356494536,"rithikjain/werk-app","https://api.github.com/repos/rithikjain/werk-app","2021-08-04T05:28:21Z"
"PublicEvent","chanakya1310",411612802,"chanakya1310/datasets","https://api.github.com/repos/chanakya1310/datasets","2021-09-29T10:59:37Z"
"WatchEvent","chanakya1310",367934588,"Rick-Lang/rickroll-lang","https://api.github.com/repos/Rick-Lang/rickroll-lang","2021-09-13T16:20:45Z"
"WatchEvent","chanakya1310",277168957,"eugeneyan/applied-ml","https://api.github.com/repos/eugeneyan/applied-ml","2021-08-30T12:24:11Z"
"WatchEvent","chanakya1310",357531038,"iamyajat/Smart-Bookmark-API","https://api.github.com/repos/iamyajat/Smart-Bookmark-API","2021-08-29T07:00:11Z"
"WatchEvent","chanakya1310",394252665,"CartelProject/VITable-CLI","https://api.github.com/repos/CartelProject/VITable-CLI","2021-08-12T04:13:23Z"
"PushEvent","chanakya1310",393393578,"chanakya1310/aws-sam-xgb-pipeline","https://api.github.com/repos/chanakya1310/aws-sam-xgb-pipeline","2021-08-08T11:15:00Z"
"PushEvent","chanakya1310",393393578,"chanakya1310/aws-sam-xgb-pipeline","https://api.github.com/repos/chanakya1310/aws-sam-xgb-pipeline","2021-08-08T11:01:23Z"
"PushEvent","chanakya1310",393393578,"chanakya1310/aws-sam-xgb-pipeline","https://api.github.com/repos/chanakya1310/aws-sam-xgb-pipeline","2021-08-08T10:58:27Z"
"PushEvent","chanakya1310",393393578,"chanakya1310/aws-sam-xgb-pipeline","https://api.github.com/repos/chanakya1310/aws-sam-xgb-pipeline","2021-08-08T10:48:48Z"
"PushEvent","chanakya1310",393393578,"chanakya1310/aws-sam-xgb-pipeline","https://api.github.com/repos/chanakya1310/aws-sam-xgb-pipeline","2021-08-08T08:10:15Z"
"PushEvent","chanakya1310",393393578,"chanakya1310/aws-sam-xgb-pipeline","https://api.github.com/repos/chanakya1310/aws-sam-xgb-pipeline","2021-08-06T18:33:04Z"
"CreateEvent","chanakya1310",393393578,"chanakya1310/aws-sam-xgb-pipeline","https://api.github.com/repos/chanakya1310/aws-sam-xgb-pipeline","2021-08-06T18:08:31Z"
"CreateEvent","chanakya1310",393393578,"chanakya1310/aws-sam-xgb-pipeline","https://api.github.com/repos/chanakya1310/aws-sam-xgb-pipeline","2021-08-06T13:59:11Z"
"WatchEvent","chanakya1310",337359166,"GDGVIT/vitty-extension","https://api.github.com/repos/GDGVIT/vitty-extension","2021-08-05T19:17:08Z"
"WatchEvent","chanakya1310",337358437,"GDGVIT/vitty-backend","https://api.github.com/repos/GDGVIT/vitty-backend","2021-08-03T04:23:45Z"
"WatchEvent","chanakya1310",337359431,"GDGVIT/vitty-app","https://api.github.com/repos/GDGVIT/vitty-app","2021-08-03T04:23:43Z"
"PublicEvent","chanakya1310",370282314,"chanakya1310/TensorFlow-Certification","https://api.github.com/repos/chanakya1310/TensorFlow-Certification","2021-07-30T12:04:32Z"
"PushEvent","chanakya1310",280330964,"chanakya1310/chanakya1310","https://api.github.com/repos/chanakya1310/chanakya1310","2021-07-27T14:49:09Z"
"WatchEvent","chanakya1310",336365328,"GDGVIT/DigiNotes","https://api.github.com/repos/GDGVIT/DigiNotes","2021-07-25T09:56:26Z"
"PushEvent","chanakya1310",387148175,"chanakya1310/airbender-backend","https://api.github.com/repos/chanakya1310/airbender-backend","2021-07-23T15:19:30Z"
"WatchEvent","chanakya1310",336591499,"mayankkumar2/securum-exire","https://api.github.com/repos/mayankkumar2/securum-exire","2021-07-23T06:40:10Z"
"WatchEvent","chanakya1310",382050439,"VisheshBansal/Portfolio-Website","https://api.github.com/repos/VisheshBansal/Portfolio-Website","2021-07-20T18:36:23Z"
"PushEvent","chanakya1310",387148175,"chanakya1310/airbender-backend","https://api.github.com/repos/chanakya1310/airbender-backend","2021-07-20T17:06:48Z"
"WatchEvent","chanakya1310",286663639,"khangich/machine-learning-interview","https://api.github.com/repos/khangich/machine-learning-interview","2021-07-20T06:48:22Z"
"IssueCommentEvent","iamyajat",357531038,"iamyajat/HypeLinks-API","https://api.github.com/repos/iamyajat/HypeLinks-API","2021-10-19T07:00:20Z"
"WatchEvent","iamyajat",269672864,"yash-moon/frosted_app_bar","https://api.github.com/repos/yash-moon/frosted_app_bar","2021-10-19T06:59:02Z"
"PushEvent","iamyajat",418432193,"iamyajat/thinker","https://api.github.com/repos/iamyajat/thinker","2021-10-19T06:57:41Z"
"PushEvent","iamyajat",357531038,"iamyajat/HypeLinks-API","https://api.github.com/repos/iamyajat/HypeLinks-API","2021-10-18T19:25:21Z"
"PullRequestEvent","iamyajat",357531038,"iamyajat/HypeLinks-API","https://api.github.com/repos/iamyajat/HypeLinks-API","2021-10-18T19:25:20Z"
"IssuesEvent","iamyajat",357531038,"iamyajat/HypeLinks-API","https://api.github.com/repos/iamyajat/HypeLinks-API","2021-10-18T19:25:20Z"
"PullRequestReviewEvent","iamyajat",357531038,"iamyajat/HypeLinks-API","https://api.github.com/repos/iamyajat/HypeLinks-API","2021-10-18T19:25:01Z"
"WatchEvent","iamyajat",418390382,"GDGVIT/thinker","https://api.github.com/repos/GDGVIT/thinker","2021-10-18T09:56:18Z"
"PushEvent","iamyajat",418432193,"iamyajat/thinker","https://api.github.com/repos/iamyajat/thinker","2021-10-18T09:48:57Z"
"CreateEvent","iamyajat",418432193,"iamyajat/thinker","https://api.github.com/repos/iamyajat/thinker","2021-10-18T09:40:39Z"
"ForkEvent","iamyajat",418390382,"GDGVIT/thinker","https://api.github.com/repos/GDGVIT/thinker","2021-10-18T09:31:12Z"
"PushEvent","iamyajat",418086836,"iamyajat/auto-grader","https://api.github.com/repos/iamyajat/auto-grader","2021-10-17T17:06:42Z"
"IssueCommentEvent","iamyajat",357531038,"iamyajat/HypeLinks-API","https://api.github.com/repos/iamyajat/HypeLinks-API","2021-10-17T17:03:33Z"
"IssueCommentEvent","iamyajat",385965767,"IEEE-VIT/auto-grader","https://api.github.com/repos/IEEE-VIT/auto-grader","2021-10-17T10:50:48Z"
"PushEvent","iamyajat",385965767,"IEEE-VIT/auto-grader","https://api.github.com/repos/IEEE-VIT/auto-grader","2021-10-17T10:49:06Z"
"PullRequestEvent","iamyajat",385965767,"IEEE-VIT/auto-grader","https://api.github.com/repos/IEEE-VIT/auto-grader","2021-10-17T10:49:05Z"
"IssuesEvent","iamyajat",385965767,"IEEE-VIT/auto-grader","https://api.github.com/repos/IEEE-VIT/auto-grader","2021-10-17T10:49:05Z"
"PullRequestEvent","iamyajat",385965767,"IEEE-VIT/auto-grader","https://api.github.com/repos/IEEE-VIT/auto-grader","2021-10-17T10:47:51Z"
"IssuesEvent","iamyajat",385965767,"IEEE-VIT/auto-grader","https://api.github.com/repos/IEEE-VIT/auto-grader","2021-10-17T10:45:16Z"
"PushEvent","iamyajat",418086836,"iamyajat/auto-grader","https://api.github.com/repos/iamyajat/auto-grader","2021-10-17T10:44:26Z"
"PushEvent","iamyajat",418086836,"iamyajat/auto-grader","https://api.github.com/repos/iamyajat/auto-grader","2021-10-17T10:10:19Z"
"ForkEvent","iamyajat",385965767,"IEEE-VIT/auto-grader","https://api.github.com/repos/IEEE-VIT/auto-grader","2021-10-17T10:02:51Z"
"PushEvent","iamyajat",417458008,"iamyajat/GitHub-Stats","https://api.github.com/repos/iamyajat/GitHub-Stats","2021-10-17T09:52:57Z"
"PushEvent","iamyajat",357531038,"iamyajat/HypeLinks-API","https://api.github.com/repos/iamyajat/HypeLinks-API","2021-10-17T09:42:04Z"
"IssuesEvent","iamyajat",357531038,"iamyajat/HypeLinks-API","https://api.github.com/repos/iamyajat/HypeLinks-API","2021-10-17T09:33:38Z"
"IssuesEvent","iamyajat",357531038,"iamyajat/HypeLinks-API","https://api.github.com/repos/iamyajat/HypeLinks-API","2021-10-17T09:33:32Z"
"IssuesEvent","iamyajat",357531038,"iamyajat/HypeLinks-API","https://api.github.com/repos/iamyajat/HypeLinks-API","2021-10-17T09:33:22Z"
"PushEvent","iamyajat",357531038,"iamyajat/HypeLinks-API","https://api.github.com/repos/iamyajat/HypeLinks-API","2021-10-17T09:32:03Z"
"IssuesEvent","iamyajat",357531038,"iamyajat/HypeLinks-API","https://api.github.com/repos/iamyajat/HypeLinks-API","2021-10-17T09:30:56Z"
"PushEvent","iamyajat",357531038,"iamyajat/HypeLinks-API","https://api.github.com/repos/iamyajat/HypeLinks-API","2021-10-17T09:13:11Z"
"WatchEvent","VisheshBansal",299218584,"GDGVIT/Portfolio","https://api.github.com/repos/GDGVIT/Portfolio","2021-10-19T15:44:21Z"
"PushEvent","VisheshBansal",413467484,"CodeChefVIT/.github","https://api.github.com/repos/CodeChefVIT/.github","2021-10-16T17:20:06Z"
"PushEvent","VisheshBansal",413467484,"CodeChefVIT/.github","https://api.github.com/repos/CodeChefVIT/.github","2021-10-16T17:19:38Z"
"PushEvent","VisheshBansal",413467484,"CodeChefVIT/.github","https://api.github.com/repos/CodeChefVIT/.github","2021-10-16T17:17:41Z"
"PushEvent","VisheshBansal",413467484,"CodeChefVIT/.github","https://api.github.com/repos/CodeChefVIT/.github","2021-10-16T17:13:35Z"
"PushEvent","VisheshBansal",413467484,"CodeChefVIT/.github","https://api.github.com/repos/CodeChefVIT/.github","2021-10-16T17:11:57Z"
"WatchEvent","VisheshBansal",338028961,"Sangwan5688/BlackHole","https://api.github.com/repos/Sangwan5688/BlackHole","2021-10-15T17:15:28Z"
"PushEvent","VisheshBansal",333848140,"GDGVIT/triton-web","https://api.github.com/repos/GDGVIT/triton-web","2021-10-10T08:25:24Z"
"PushEvent","VisheshBansal",333848140,"GDGVIT/triton-web","https://api.github.com/repos/GDGVIT/triton-web","2021-10-10T08:22:23Z"
"PushEvent","VisheshBansal",333848140,"GDGVIT/triton-web","https://api.github.com/repos/GDGVIT/triton-web","2021-10-10T05:15:56Z"
"PushEvent","VisheshBansal",413467484,"CodeChefVIT/.github","https://api.github.com/repos/CodeChefVIT/.github","2021-10-09T15:36:30Z"
"CreateEvent","VisheshBansal",413467484,"CodeChefVIT/.github","https://api.github.com/repos/CodeChefVIT/.github","2021-10-09T15:23:33Z"
"PushEvent","VisheshBansal",411150735,"CodeChefVIT/Docker-deployment-templates","https://api.github.com/repos/CodeChefVIT/Docker-deployment-templates","2021-10-07T05:00:09Z"
"PullRequestEvent","VisheshBansal",411150735,"CodeChefVIT/Docker-deployment-templates","https://api.github.com/repos/CodeChefVIT/Docker-deployment-templates","2021-10-07T05:00:08Z"
"PushEvent","VisheshBansal",333848140,"GDGVIT/triton-web","https://api.github.com/repos/GDGVIT/triton-web","2021-10-06T15:03:54Z"
"WatchEvent","VisheshBansal",272483609,"CodeChefVIT/resources","https://api.github.com/repos/CodeChefVIT/resources","2021-10-04T16:24:45Z"
"IssuesEvent","VisheshBansal",272483609,"CodeChefVIT/resources","https://api.github.com/repos/CodeChefVIT/resources","2021-10-04T15:30:49Z"
"IssueCommentEvent","VisheshBansal",411150735,"CodeChefVIT/Docker-deployment-templates","https://api.github.com/repos/CodeChefVIT/Docker-deployment-templates","2021-10-04T14:25:39Z"
"WatchEvent","VisheshBansal",299218584,"GDGVIT/Portfolio","https://api.github.com/repos/GDGVIT/Portfolio","2021-10-04T10:51:02Z"
"PushEvent","VisheshBansal",413357067,"VisheshBansal/Portfolio","https://api.github.com/repos/VisheshBansal/Portfolio","2021-10-04T09:39:24Z"
"PullRequestEvent","VisheshBansal",299218584,"GDGVIT/Portfolio","https://api.github.com/repos/GDGVIT/Portfolio","2021-10-04T09:33:02Z"
"PullRequestEvent","VisheshBansal",413357067,"VisheshBansal/Portfolio","https://api.github.com/repos/VisheshBansal/Portfolio","2021-10-04T09:32:37Z"
"PullRequestEvent","VisheshBansal",413357067,"VisheshBansal/Portfolio","https://api.github.com/repos/VisheshBansal/Portfolio","2021-10-04T09:32:25Z"
"CreateEvent","VisheshBansal",413357067,"VisheshBansal/Portfolio","https://api.github.com/repos/VisheshBansal/Portfolio","2021-10-04T09:32:20Z"
"ForkEvent","VisheshBansal",299218584,"GDGVIT/Portfolio","https://api.github.com/repos/GDGVIT/Portfolio","2021-10-04T09:31:04Z"
"WatchEvent","VisheshBansal",108258950,"twowaits/SDE-Interview-Questions","https://api.github.com/repos/twowaits/SDE-Interview-Questions","2021-10-03T14:21:44Z"
"PushEvent","VisheshBansal",272483609,"CodeChefVIT/resources","https://api.github.com/repos/CodeChefVIT/resources","2021-10-03T10:19:31Z"
"PullRequestEvent","VisheshBansal",272483609,"CodeChefVIT/resources","https://api.github.com/repos/CodeChefVIT/resources","2021-10-03T10:19:30Z"
"IssueCommentEvent","VisheshBansal",272483609,"CodeChefVIT/resources","https://api.github.com/repos/CodeChefVIT/resources","2021-10-03T10:19:25Z"
"IssueCommentEvent","VisheshBansal",272483609,"CodeChefVIT/resources","https://api.github.com/repos/CodeChefVIT/resources","2021-10-01T13:46:36Z"
"IssueCommentEvent","rishavnaskar",299218584,"GDGVIT/Portfolio","https://api.github.com/repos/GDGVIT/Portfolio","2021-10-18T17:51:06Z"
"PushEvent","rishavnaskar",413747211,"rishavnaskar/Portfolio-1","https://api.github.com/repos/rishavnaskar/Portfolio-1","2021-10-18T17:50:23Z"
"WatchEvent","rishavnaskar",415122580,"m3o/m3o","https://api.github.com/repos/m3o/m3o","2021-10-18T03:38:38Z"
"WatchEvent","rishavnaskar",105332854,"lijasonvip/Books_Reading","https://api.github.com/repos/lijasonvip/Books_Reading","2021-10-16T14:05:09Z"
"PublicEvent","rishavnaskar",415359484,"rishavnaskar/appointy_task","https://api.github.com/repos/rishavnaskar/appointy_task","2021-10-09T19:28:45Z"
"PullRequestEvent","rishavnaskar",299218584,"GDGVIT/Portfolio","https://api.github.com/repos/GDGVIT/Portfolio","2021-10-05T09:13:13Z"
"PushEvent","rishavnaskar",413747211,"rishavnaskar/Portfolio-1","https://api.github.com/repos/rishavnaskar/Portfolio-1","2021-10-05T09:12:51Z"
"ForkEvent","rishavnaskar",299218584,"GDGVIT/Portfolio","https://api.github.com/repos/GDGVIT/Portfolio","2021-10-05T09:10:42Z"
"WatchEvent","rishavnaskar",232425551,"hackclub/workshops","https://api.github.com/repos/hackclub/workshops","2021-09-23T18:44:19Z"
"PushEvent","rishavnaskar",389176189,"rishavnaskar/portfolio","https://api.github.com/repos/rishavnaskar/portfolio","2021-09-22T10:38:19Z"
"ForkEvent","rishavnaskar",216083636,"SarthakDandotiya/Parallel-and-Distributed-Computing","https://api.github.com/repos/SarthakDandotiya/Parallel-and-Distributed-Computing","2021-09-21T02:41:16Z"
"WatchEvent","rishavnaskar",360337422,"mdhishaamakhtar/fastapi-sqlalchemy-postgres-template","https://api.github.com/repos/mdhishaamakhtar/fastapi-sqlalchemy-postgres-template","2021-09-10T17:49:29Z"
"WatchEvent","rishavnaskar",221533469,"v33na/climate-analysis","https://api.github.com/repos/v33na/climate-analysis","2021-08-31T05:37:35Z"
"WatchEvent","rishavnaskar",321064657,"ZaidZaim/MixedReality-For-Cultural-Heritage-Palmyra","https://api.github.com/repos/ZaidZaim/MixedReality-For-Cultural-Heritage-Palmyra","2021-08-26T17:41:39Z"
"WatchEvent","rishavnaskar",87838041,"VPanjeta/ModiScript","https://api.github.com/repos/VPanjeta/ModiScript","2021-08-25T07:28:35Z"
"WatchEvent","rishavnaskar",1062897,"github/gitignore","https://api.github.com/repos/github/gitignore","2021-08-24T06:36:42Z"
"ForkEvent","rishavnaskar",358688392,"haefele-software/flutter_text_field_fab","https://api.github.com/repos/haefele-software/flutter_text_field_fab","2021-08-23T17:38:51Z"
"IssuesEvent","rishavnaskar",140945125,"samarthagarwal/FlutterScreens","https://api.github.com/repos/samarthagarwal/FlutterScreens","2021-08-18T13:27:34Z"
"PullRequestEvent","rishavnaskar",140945125,"samarthagarwal/FlutterScreens","https://api.github.com/repos/samarthagarwal/FlutterScreens","2021-08-18T13:24:02Z"
"PushEvent","rishavnaskar",397317842,"rishavnaskar/FlutterScreens","https://api.github.com/repos/rishavnaskar/FlutterScreens","2021-08-18T13:15:00Z"
"PushEvent","rishavnaskar",397317842,"rishavnaskar/FlutterScreens","https://api.github.com/repos/rishavnaskar/FlutterScreens","2021-08-18T13:03:19Z"
"PushEvent","rishavnaskar",397317842,"rishavnaskar/FlutterScreens","https://api.github.com/repos/rishavnaskar/FlutterScreens","2021-08-18T12:08:16Z"
"PushEvent","rishavnaskar",397317842,"rishavnaskar/FlutterScreens","https://api.github.com/repos/rishavnaskar/FlutterScreens","2021-08-18T09:30:57Z"
"IssuesEvent","rishavnaskar",140945125,"samarthagarwal/FlutterScreens","https://api.github.com/repos/samarthagarwal/FlutterScreens","2021-08-18T09:30:06Z"
"IssuesEvent","rishavnaskar",140945125,"samarthagarwal/FlutterScreens","https://api.github.com/repos/samarthagarwal/FlutterScreens","2021-08-18T09:29:49Z"
"IssueCommentEvent","rishavnaskar",140945125,"samarthagarwal/FlutterScreens","https://api.github.com/repos/samarthagarwal/FlutterScreens","2021-08-18T09:29:38Z"
"IssueCommentEvent","rishavnaskar",140945125,"samarthagarwal/FlutterScreens","https://api.github.com/repos/samarthagarwal/FlutterScreens","2021-08-18T08:28:41Z"
"IssuesEvent","rishavnaskar",140945125,"samarthagarwal/FlutterScreens","https://api.github.com/repos/samarthagarwal/FlutterScreens","2021-08-18T08:17:37Z"
"WatchEvent","rishavnaskar",140945125,"samarthagarwal/FlutterScreens","https://api.github.com/repos/samarthagarwal/FlutterScreens","2021-08-18T08:07:41Z"
"PushEvent","rishavnaskar",397317842,"rishavnaskar/FlutterScreens","https://api.github.com/repos/rishavnaskar/FlutterScreens","2021-08-18T08:07:06Z"
"WatchEvent","BRO3886",183616214,"yuin/goldmark","https://api.github.com/repos/yuin/goldmark","2021-10-17T13:26:52Z"
"WatchEvent","BRO3886",60630844,"microsoft/monaco-editor","https://api.github.com/repos/microsoft/monaco-editor","2021-10-12T18:37:29Z"
"WatchEvent","BRO3886",192164198,"suren-atoyan/monaco-react","https://api.github.com/repos/suren-atoyan/monaco-react","2021-10-12T18:35:16Z"
"WatchEvent","BRO3886",22355214,"remarkjs/remark","https://api.github.com/repos/remarkjs/remark","2021-10-12T18:25:03Z"
"WatchEvent","BRO3886",35848897,"remarkjs/react-markdown","https://api.github.com/repos/remarkjs/react-markdown","2021-10-12T18:21:09Z"
"IssuesEvent","BRO3886",91735667,"artf/grapesjs-mjml","https://api.github.com/repos/artf/grapesjs-mjml","2021-10-08T18:54:51Z"
"WatchEvent","BRO3886",52113921,"facebook/draft-js","https://api.github.com/repos/facebook/draft-js","2021-10-08T18:02:57Z"
"WatchEvent","BRO3886",6051812,"gorilla/mux","https://api.github.com/repos/gorilla/mux","2021-10-08T05:35:50Z"
"WatchEvent","BRO3886",412759104,"mikepenz/multiplatform-markdown-renderer","https://api.github.com/repos/mikepenz/multiplatform-markdown-renderer","2021-10-08T05:34:47Z"
"PushEvent","BRO3886",310691991,"BRO3886/gtasks","https://api.github.com/repos/BRO3886/gtasks","2021-10-06T11:50:34Z"
"PushEvent","BRO3886",310691991,"BRO3886/gtasks","https://api.github.com/repos/BRO3886/gtasks","2021-10-06T11:47:42Z"
"CreateEvent","BRO3886",310691991,"BRO3886/gtasks","https://api.github.com/repos/BRO3886/gtasks","2021-10-06T11:47:14Z"
"ReleaseEvent","BRO3886",310691991,"BRO3886/gtasks","https://api.github.com/repos/BRO3886/gtasks","2021-10-06T11:47:14Z"
"PushEvent","BRO3886",310691991,"BRO3886/gtasks","https://api.github.com/repos/BRO3886/gtasks","2021-10-06T11:33:20Z"
"PullRequestEvent","BRO3886",310691991,"BRO3886/gtasks","https://api.github.com/repos/BRO3886/gtasks","2021-10-06T11:33:19Z"
"IssuesEvent","BRO3886",310691991,"BRO3886/gtasks","https://api.github.com/repos/BRO3886/gtasks","2021-10-06T11:33:19Z"
"PushEvent","BRO3886",413336990,"BRO3886/templa-rs","https://api.github.com/repos/BRO3886/templa-rs","2021-10-06T07:35:34Z"
"PushEvent","BRO3886",413336990,"BRO3886/templa-rs","https://api.github.com/repos/BRO3886/templa-rs","2021-10-06T07:34:46Z"
"IssueCommentEvent","BRO3886",310691991,"BRO3886/gtasks","https://api.github.com/repos/BRO3886/gtasks","2021-10-06T07:29:55Z"
"PullRequestReviewEvent","BRO3886",310691991,"BRO3886/gtasks","https://api.github.com/repos/BRO3886/gtasks","2021-10-06T07:29:33Z"
"PushEvent","BRO3886",310691991,"BRO3886/gtasks","https://api.github.com/repos/BRO3886/gtasks","2021-10-06T07:27:21Z"
"PullRequestEvent","BRO3886",310691991,"BRO3886/gtasks","https://api.github.com/repos/BRO3886/gtasks","2021-10-06T07:27:20Z"
"IssuesEvent","BRO3886",310691991,"BRO3886/gtasks","https://api.github.com/repos/BRO3886/gtasks","2021-10-06T07:27:20Z"
"IssueCommentEvent","BRO3886",310691991,"BRO3886/gtasks","https://api.github.com/repos/BRO3886/gtasks","2021-10-06T07:26:56Z"
"PushEvent","BRO3886",299218584,"GDGVIT/Portfolio","https://api.github.com/repos/GDGVIT/Portfolio","2021-10-06T07:02:17Z"
"PullRequestEvent","BRO3886",411611908,"IEEE-VIT/templa-rs","https://api.github.com/repos/IEEE-VIT/templa-rs","2021-10-05T17:20:47Z"
"PushEvent","BRO3886",413336990,"BRO3886/templa-rs","https://api.github.com/repos/BRO3886/templa-rs","2021-10-05T17:20:22Z"
"IssueCommentEvent","BRO3886",411611908,"IEEE-VIT/templa-rs","https://api.github.com/repos/IEEE-VIT/templa-rs","2021-10-05T17:15:04Z"
"IssueCommentEvent","BRO3886",411611908,"IEEE-VIT/templa-rs","https://api.github.com/repos/IEEE-VIT/templa-rs","2021-10-05T17:05:38Z"
"PushEvent","BRO3886",310691991,"BRO3886/gtasks","https://api.github.com/repos/BRO3886/gtasks","2021-10-05T17:00:08Z"
"PushEvent","rithikjain",356494536,"rithikjain/werk-app","https://api.github.com/repos/rithikjain/werk-app","2021-08-03T20:16:57Z"
"PushEvent","rithikjain",356494536,"rithikjain/werk-app","https://api.github.com/repos/rithikjain/werk-app","2021-08-03T19:06:15Z"
"PushEvent","rithikjain",356494536,"rithikjain/werk-app","https://api.github.com/repos/rithikjain/werk-app","2021-08-03T07:38:57Z"
"PushEvent","rithikjain",356494536,"rithikjain/werk-app","https://api.github.com/repos/rithikjain/werk-app","2021-08-02T20:29:43Z"
"PushEvent","rithikjain",356494536,"rithikjain/werk-app","https://api.github.com/repos/rithikjain/werk-app","2021-08-02T19:49:07Z"
"PushEvent","rithikjain",356494536,"rithikjain/werk-app","https://api.github.com/repos/rithikjain/werk-app","2021-07-29T20:48:21Z"
"PushEvent","chanakya1310",387148175,"chanakya1310/airbender-backend","https://api.github.com/repos/chanakya1310/airbender-backend","2021-07-18T11:01:55Z"
"PushEvent","chanakya1310",387148175,"chanakya1310/airbender-backend","https://api.github.com/repos/chanakya1310/airbender-backend","2021-07-18T11:00:44Z"
"PullRequestEvent","chanakya1310",292615241,"GDGVIT/airbender-backend","https://api.github.com/repos/GDGVIT/airbender-backend","2021-07-18T10:44:22Z"
"PushEvent","chanakya1310",387148175,"chanakya1310/airbender-backend","https://api.github.com/repos/chanakya1310/airbender-backend","2021-07-18T10:43:33Z"
"ForkEvent","chanakya1310",292615241,"GDGVIT/airbender-backend","https://api.github.com/repos/GDGVIT/airbender-backend","2021-07-18T10:26:51Z"
"PushEvent","chanakya1310",291495900,"chanakya1310/Backend_for_ML_Model","https://api.github.com/repos/chanakya1310/Backend_for_ML_Model","2021-07-15T19:49:20Z"
"PushEvent","chanakya1310",291495900,"chanakya1310/Backend_for_ML_Model","https://api.github.com/repos/chanakya1310/Backend_for_ML_Model","2021-07-15T19:23:50Z"
"WatchEvent","chanakya1310",384683002,"KrishChatterjie/todo","https://api.github.com/repos/KrishChatterjie/todo","2021-07-11T15:04:05Z"
"PushEvent","iamyajat",357531038,"iamyajat/Smart-Bookmark-API","https://api.github.com/repos/iamyajat/Smart-Bookmark-API","2021-08-30T17:59:15Z"
"PushEvent","iamyajat",357531038,"iamyajat/Smart-Bookmark-API","https://api.github.com/repos/iamyajat/Smart-Bookmark-API","2021-08-30T17:33:54Z"
"PushEvent","iamyajat",357531038,"iamyajat/Smart-Bookmark-API","https://api.github.com/repos/iamyajat/Smart-Bookmark-API","2021-08-30T17:23:16Z"
"PushEvent","iamyajat",357531038,"iamyajat/Smart-Bookmark-API","https://api.github.com/repos/iamyajat/Smart-Bookmark-API","2021-08-30T14:29:31Z"
"PushEvent","iamyajat",357531038,"iamyajat/Smart-Bookmark-API","https://api.github.com/repos/iamyajat/Smart-Bookmark-API","2021-08-30T05:00:43Z"
"PushEvent","iamyajat",357531038,"iamyajat/Smart-Bookmark-API","https://api.github.com/repos/iamyajat/Smart-Bookmark-API","2021-08-29T13:45:25Z"
"PushEvent","iamyajat",357531038,"iamyajat/Smart-Bookmark-API","https://api.github.com/repos/iamyajat/Smart-Bookmark-API","2021-08-29T07:37:00Z"
"PushEvent","iamyajat",357531038,"iamyajat/Smart-Bookmark-API","https://api.github.com/repos/iamyajat/Smart-Bookmark-API","2021-08-29T07:24:56Z"
"WatchEvent","iamyajat",314801381,"maxvfischer/DIY-ai-art","https://api.github.com/repos/maxvfischer/DIY-ai-art","2021-08-29T06:32:27Z"
"PushEvent","iamyajat",357531038,"iamyajat/Smart-Bookmark-API","https://api.github.com/repos/iamyajat/Smart-Bookmark-API","2021-08-29T05:28:56Z"
"PullRequestEvent","iamyajat",357531038,"iamyajat/Smart-Bookmark-API","https://api.github.com/repos/iamyajat/Smart-Bookmark-API","2021-08-29T05:28:55Z"
"WatchEvent","iamyajat",367986663,"IEEE-VIT/heimdall","https://api.github.com/repos/IEEE-VIT/heimdall","2021-08-28T10:31:24Z"
"WatchEvent","iamyajat",54346799,"public-apis/public-apis","https://api.github.com/repos/public-apis/public-apis","2021-08-27T06:33:22Z"
"WatchEvent","iamyajat",394252665,"CartelProject/vitable","https://api.github.com/repos/CartelProject/vitable","2021-08-27T06:33:01Z"
"WatchEvent","iamyajat",400389073,"a-ma-n/summariser","https://api.github.com/repos/a-ma-n/summariser","2021-08-27T06:32:48Z"
"WatchEvent","iamyajat",323115629,"arthurdouillard/deepcourse","https://api.github.com/repos/arthurdouillard/deepcourse","2021-08-27T06:32:25Z"
"WatchEvent","iamyajat",387822838,"erikalu/omnimatte","https://api.github.com/repos/erikalu/omnimatte","2021-08-26T08:20:49Z"
"WatchEvent","iamyajat",54346799,"public-apis/public-apis","https://api.github.com/repos/public-apis/public-apis","2021-08-26T06:03:27Z"
"WatchEvent","iamyajat",172562475,"florinpop17/app-ideas","https://api.github.com/repos/florinpop17/app-ideas","2021-08-26T06:02:09Z"
"WatchEvent","iamyajat",138224079,"modin-project/modin","https://api.github.com/repos/modin-project/modin","2021-08-24T16:21:54Z"
"WatchEvent","iamyajat",336366629,"GDGVIT/gidget","https://api.github.com/repos/GDGVIT/gidget","2021-08-17T18:38:43Z"
"WatchEvent","iamyajat",178626720,"PyTorchLightning/pytorch-lightning","https://api.github.com/repos/PyTorchLightning/pytorch-lightning","2021-08-13T02:06:12Z"
"WatchEvent","iamyajat",255919240,"smv1999/CompetitiveProgrammingQuestionBank","https://api.github.com/repos/smv1999/CompetitiveProgrammingQuestionBank","2021-08-12T11:22:18Z"
"WatchEvent","iamyajat",284993753,"SuyashSonawane/AI-Dancer","https://api.github.com/repos/SuyashSonawane/AI-Dancer","2021-08-11T22:13:39Z"
"WatchEvent","iamyajat",394252665,"CartelProject/VITable-CLI","https://api.github.com/repos/CartelProject/VITable-CLI","2021-08-11T19:25:19Z"
"PushEvent","iamyajat",375335070,"iamyajat/cadence-app","https://api.github.com/repos/iamyajat/cadence-app","2021-08-08T17:29:02Z"
"PushEvent","iamyajat",375335070,"iamyajat/cadence-app","https://api.github.com/repos/iamyajat/cadence-app","2021-08-08T13:58:49Z"
"IssueCommentEvent","iamyajat",337359166,"GDGVIT/vitty-extension","https://api.github.com/repos/GDGVIT/vitty-extension","2021-08-08T11:34:27Z"
"PushEvent","iamyajat",393919846,"iamyajat/vitty-extension","https://api.github.com/repos/iamyajat/vitty-extension","2021-08-08T11:26:08Z"
"IssuesEvent","iamyajat",337359166,"GDGVIT/vitty-extension","https://api.github.com/repos/GDGVIT/vitty-extension","2021-08-08T10:49:41Z"
"WatchEvent","VisheshBansal",277168957,"eugeneyan/applied-ml","https://api.github.com/repos/eugeneyan/applied-ml","2021-08-30T17:59:49Z"
"PushEvent","VisheshBansal",368571459,"VisheshBansal/Projectsv2","https://api.github.com/repos/VisheshBansal/Projectsv2","2021-08-29T17:58:01Z"
"PushEvent","VisheshBansal",340847908,"VisheshBansal/vitty-backend","https://api.github.com/repos/VisheshBansal/vitty-backend","2021-08-29T13:03:40Z"
"WatchEvent","VisheshBansal",394252665,"CartelProject/vitable","https://api.github.com/repos/CartelProject/vitable","2021-08-27T02:58:40Z"
"PushEvent","VisheshBansal",368571459,"VisheshBansal/Projectsv2","https://api.github.com/repos/VisheshBansal/Projectsv2","2021-08-25T17:07:11Z"
"WatchEvent","VisheshBansal",399103226,"DarthBenro008/turboot","https://api.github.com/repos/DarthBenro008/turboot","2021-08-24T11:52:33Z"
"IssuesEvent","VisheshBansal",337359431,"GDGVIT/vitty-app","https://api.github.com/repos/GDGVIT/vitty-app","2021-08-22T19:12:30Z"
"PullRequestEvent","VisheshBansal",367409758,"CodeChefVIT/Projectsv2","https://api.github.com/repos/CodeChefVIT/Projectsv2","2021-08-22T19:10:48Z"
"PushEvent","VisheshBansal",368571459,"VisheshBansal/Projectsv2","https://api.github.com/repos/VisheshBansal/Projectsv2","2021-08-22T19:09:57Z"
"PushEvent","VisheshBansal",368571459,"VisheshBansal/Projectsv2","https://api.github.com/repos/VisheshBansal/Projectsv2","2021-08-22T19:01:03Z"
"PushEvent","VisheshBansal",368571459,"VisheshBansal/Projectsv2","https://api.github.com/repos/VisheshBansal/Projectsv2","2021-08-22T17:55:49Z"
"PushEvent","VisheshBansal",368571459,"VisheshBansal/Projectsv2","https://api.github.com/repos/VisheshBansal/Projectsv2","2021-08-21T18:10:14Z"
"PullRequestEvent","VisheshBansal",367409758,"CodeChefVIT/Projectsv2","https://api.github.com/repos/CodeChefVIT/Projectsv2","2021-08-21T18:08:59Z"
"PushEvent","VisheshBansal",368571459,"VisheshBansal/Projectsv2","https://api.github.com/repos/VisheshBansal/Projectsv2","2021-08-21T18:07:34Z"
"PushEvent","VisheshBansal",368571459,"VisheshBansal/Projectsv2","https://api.github.com/repos/VisheshBansal/Projectsv2","2021-08-21T08:43:40Z"
"IssueCommentEvent","VisheshBansal",367409758,"CodeChefVIT/Projectsv2","https://api.github.com/repos/CodeChefVIT/Projectsv2","2021-08-20T19:10:40Z"
"IssuesEvent","VisheshBansal",236315292,"GDGVIT/project-ideas-v2-frontend","https://api.github.com/repos/GDGVIT/project-ideas-v2-frontend","2021-08-19T16:48:58Z"
"WatchEvent","VisheshBansal",40484398,"discordjs/discord.js","https://api.github.com/repos/discordjs/discord.js","2021-08-19T16:44:38Z"
"WatchEvent","VisheshBansal",80240424,"judge0/judge0","https://api.github.com/repos/judge0/judge0","2021-08-19T16:43:33Z"
"PushEvent","VisheshBansal",342465649,"VisheshBansal/triton-web","https://api.github.com/repos/VisheshBansal/triton-web","2021-08-18T16:16:59Z"
"PullRequestEvent","VisheshBansal",333848140,"GDGVIT/triton-web","https://api.github.com/repos/GDGVIT/triton-web","2021-08-18T16:13:32Z"
"PushEvent","VisheshBansal",342465649,"VisheshBansal/triton-web","https://api.github.com/repos/VisheshBansal/triton-web","2021-08-18T16:11:33Z"
"PushEvent","VisheshBansal",342465649,"VisheshBansal/triton-web","https://api.github.com/repos/VisheshBansal/triton-web","2021-08-18T16:08:53Z"
"PushEvent","VisheshBansal",342465649,"VisheshBansal/triton-web","https://api.github.com/repos/VisheshBansal/triton-web","2021-08-18T16:07:36Z"
"PushEvent","VisheshBansal",333848140,"GDGVIT/triton-web","https://api.github.com/repos/GDGVIT/triton-web","2021-08-17T09:48:23Z"
"PullRequestEvent","VisheshBansal",333848140,"GDGVIT/triton-web","https://api.github.com/repos/GDGVIT/triton-web","2021-08-17T09:48:22Z"
"IssuesEvent","VisheshBansal",236315292,"GDGVIT/project-ideas-v2-frontend","https://api.github.com/repos/GDGVIT/project-ideas-v2-frontend","2021-08-16T18:22:51Z"
"IssuesEvent","VisheshBansal",236315292,"GDGVIT/project-ideas-v2-frontend","https://api.github.com/repos/GDGVIT/project-ideas-v2-frontend","2021-08-16T18:22:14Z"
"PushEvent","VisheshBansal",396020997,"VisheshBansal/template-1","https://api.github.com/repos/VisheshBansal/template-1","2021-08-14T13:45:05Z"
"PullRequestEvent","VisheshBansal",237667171,"CodeChefVIT/template","https://api.github.com/repos/CodeChefVIT/template","2021-08-14T13:44:10Z"
"WatchEvent","rishavnaskar",275144708,"sharanya02/Text-file-to-handwritten-pdf-file","https://api.github.com/repos/sharanya02/Text-file-to-handwritten-pdf-file","2021-08-17T18:22:54Z"
"IssueCommentEvent","rishavnaskar",140945125,"samarthagarwal/FlutterScreens","https://api.github.com/repos/samarthagarwal/FlutterScreens","2021-08-17T18:15:22Z"
"IssueCommentEvent","rishavnaskar",140945125,"samarthagarwal/FlutterScreens","https://api.github.com/repos/samarthagarwal/FlutterScreens","2021-08-17T18:13:50Z"
"PullRequestEvent","rishavnaskar",140945125,"samarthagarwal/FlutterScreens","https://api.github.com/repos/samarthagarwal/FlutterScreens","2021-08-17T18:12:20Z"
"PushEvent","rishavnaskar",397317842,"rishavnaskar/FlutterScreens","https://api.github.com/repos/rishavnaskar/FlutterScreens","2021-08-17T18:12:01Z"
"ForkEvent","rishavnaskar",162005592,"lohanidamodar/flutter_ui_challenges","https://api.github.com/repos/lohanidamodar/flutter_ui_challenges","2021-08-17T17:51:28Z"
"IssuesEvent","rishavnaskar",140945125,"samarthagarwal/FlutterScreens","https://api.github.com/repos/samarthagarwal/FlutterScreens","2021-08-17T16:11:02Z"
"ForkEvent","rishavnaskar",140945125,"samarthagarwal/FlutterScreens","https://api.github.com/repos/samarthagarwal/FlutterScreens","2021-08-17T16:09:51Z"
"PushEvent","rishavnaskar",349350980,"rishavnaskar/gidget","https://api.github.com/repos/rishavnaskar/gidget","2021-08-17T07:56:57Z"
"PushEvent","rishavnaskar",349350980,"rishavnaskar/gidget","https://api.github.com/repos/rishavnaskar/gidget","2021-08-17T07:53:37Z"
"PullRequestEvent","rishavnaskar",336366629,"GDGVIT/gidget","https://api.github.com/repos/GDGVIT/gidget","2021-08-17T07:48:15Z"
"PushEvent","rishavnaskar",349350980,"rishavnaskar/gidget","https://api.github.com/repos/rishavnaskar/gidget","2021-08-17T07:43:24Z"
"PushEvent","rishavnaskar",349350980,"rishavnaskar/gidget","https://api.github.com/repos/rishavnaskar/gidget","2021-08-17T07:40:52Z"
"WatchEvent","BRO3886",53632140,"zyedidia/micro","https://api.github.com/repos/zyedidia/micro","2021-08-30T05:08:11Z"
"IssueCommentEvent","BRO3886",310691991,"BRO3886/gtasks","https://api.github.com/repos/BRO3886/gtasks","2021-08-29T14:09:54Z"
"WatchEvent","BRO3886",357531038,"iamyajat/Smart-Bookmark-API","https://api.github.com/repos/iamyajat/Smart-Bookmark-API","2021-08-29T06:13:26Z"
"PushEvent","BRO3886",354275170,"BRO3886/450dsa","https://api.github.com/repos/BRO3886/450dsa","2021-08-28T07:10:05Z"
"PushEvent","BRO3886",354275170,"BRO3886/450dsa","https://api.github.com/repos/BRO3886/450dsa","2021-08-28T07:10:01Z"
"PushEvent","BRO3886",354275170,"BRO3886/450dsa","https://api.github.com/repos/BRO3886/450dsa","2021-08-26T19:14:48Z"
"PushEvent","BRO3886",354275170,"BRO3886/450dsa","https://api.github.com/repos/BRO3886/450dsa","2021-08-26T18:56:57Z"
"PushEvent","BRO3886",354275170,"BRO3886/450dsa","https://api.github.com/repos/BRO3886/450dsa","2021-08-26T18:56:54Z"
"WatchEvent","BRO3886",132145189,"golangci/golangci-lint","https://api.github.com/repos/golangci/golangci-lint","2021-08-23T08:00:15Z"
"PushEvent","BRO3886",354275170,"BRO3886/450dsa","https://api.github.com/repos/BRO3886/450dsa","2021-08-22T19:03:50Z"
"PushEvent","BRO3886",354275170,"BRO3886/450dsa","https://api.github.com/repos/BRO3886/450dsa","2021-08-22T18:49:24Z"
"PushEvent","BRO3886",354275170,"BRO3886/450dsa","https://api.github.com/repos/BRO3886/450dsa","2021-08-22T18:49:21Z"
"PushEvent","BRO3886",354275170,"BRO3886/450dsa","https://api.github.com/repos/BRO3886/450dsa","2021-08-22T18:45:16Z"
"PushEvent","BRO3886",354275170,"BRO3886/450dsa","https://api.github.com/repos/BRO3886/450dsa","2021-08-22T18:45:12Z"
"PushEvent","BRO3886",354275170,"BRO3886/450dsa","https://api.github.com/repos/BRO3886/450dsa","2021-08-22T18:21:33Z"
"PushEvent","BRO3886",354275170,"BRO3886/450dsa","https://api.github.com/repos/BRO3886/450dsa","2021-08-22T18:21:30Z"
"PushEvent","BRO3886",354275170,"BRO3886/450dsa","https://api.github.com/repos/BRO3886/450dsa","2021-08-22T10:59:40Z"
"PushEvent","BRO3886",354275170,"BRO3886/450dsa","https://api.github.com/repos/BRO3886/450dsa","2021-08-22T10:43:59Z"
"PushEvent","BRO3886",354275170,"BRO3886/450dsa","https://api.github.com/repos/BRO3886/450dsa","2021-08-22T10:43:56Z"
"PushEvent","BRO3886",354275170,"BRO3886/450dsa","https://api.github.com/repos/BRO3886/450dsa","2021-08-21T18:16:15Z"
"PushEvent","BRO3886",354275170,"BRO3886/450dsa","https://api.github.com/repos/BRO3886/450dsa","2021-08-21T18:16:11Z"
"PushEvent","BRO3886",354275170,"BRO3886/450dsa","https://api.github.com/repos/BRO3886/450dsa","2021-08-21T15:35:09Z"
"PushEvent","BRO3886",354275170,"BRO3886/450dsa","https://api.github.com/repos/BRO3886/450dsa","2021-08-21T15:35:05Z"
"PushEvent","BRO3886",354275170,"BRO3886/450dsa","https://api.github.com/repos/BRO3886/450dsa","2021-08-21T15:17:46Z"
"PushEvent","BRO3886",354275170,"BRO3886/450dsa","https://api.github.com/repos/BRO3886/450dsa","2021-08-21T15:17:42Z"
"PushEvent","BRO3886",354275170,"BRO3886/450dsa","https://api.github.com/repos/BRO3886/450dsa","2021-08-21T15:04:04Z"
"PushEvent","BRO3886",354275170,"BRO3886/450dsa","https://api.github.com/repos/BRO3886/450dsa","2021-08-21T15:04:00Z"
"PushEvent","BRO3886",354275170,"BRO3886/450dsa","https://api.github.com/repos/BRO3886/450dsa","2021-08-21T14:58:42Z"
"PushEvent","BRO3886",354275170,"BRO3886/450dsa","https://api.github.com/repos/BRO3886/450dsa","2021-08-21T14:58:38Z"
"PushEvent","BRO3886",354275170,"BRO3886/450dsa","https://api.github.com/repos/BRO3886/450dsa","2021-08-21T14:40:46Z"
"WatchEvent","chanakya1310",336366629,"GDGVIT/gidget","https://api.github.com/repos/GDGVIT/gidget","2021-07-06T09:41:56Z"
"IssueCommentEvent","iamyajat",337359166,"GDGVIT/vitty-extension","https://api.github.com/repos/GDGVIT/vitty-extension","2021-08-08T10:37:43Z"
"IssueCommentEvent","iamyajat",337359166,"GDGVIT/vitty-extension","https://api.github.com/repos/GDGVIT/vitty-extension","2021-08-08T10:37:25Z"
"PushEvent","iamyajat",393919846,"iamyajat/vitty-extension","https://api.github.com/repos/iamyajat/vitty-extension","2021-08-08T10:33:41Z"
"PushEvent","iamyajat",393919846,"iamyajat/vitty-extension","https://api.github.com/repos/iamyajat/vitty-extension","2021-08-08T10:25:20Z"
"PushEvent","iamyajat",393919846,"iamyajat/vitty-extension","https://api.github.com/repos/iamyajat/vitty-extension","2021-08-08T10:14:12Z"
"PushEvent","VisheshBansal",396020997,"VisheshBansal/template-1","https://api.github.com/repos/VisheshBansal/template-1","2021-08-14T13:43:50Z"
"ForkEvent","VisheshBansal",237667171,"CodeChefVIT/template","https://api.github.com/repos/CodeChefVIT/template","2021-08-14T13:42:49Z"
"PushEvent","BRO3886",354275170,"BRO3886/450dsa","https://api.github.com/repos/BRO3886/450dsa","2021-08-21T14:40:43Z"
